{
    "vertices":[0.028723,0.506521,0.0118974,0.0118974,0.506727,0.0287172,0.0118974,0.506521,-0.028723,0.028723,0.506521,-0.0118975,-0.028723,0.506521,0.0118974,-0.0118974,0.506727,0.0287172,-0.0118974,0.506521,-0.028723,-0.028723,0.506521,-0.0118975,0,0.506521,-0.031187,0.00597483,1.0265,-0.0144246,0.0144245,1.0265,-0.00597487,0.0144245,1.0265,0.00597478,0.00597483,1.0265,0.0144245,-0.00597483,1.0265,0.0144245,-0.0144245,1.0265,0.00597478,-0.0144245,1.0265,-0.00597487,-0.00597483,1.0265,-0.0144246,0.0220526,0.506521,-0.0220526,0.031187,0.506521,-2.08524e-08,0.0220526,0.506573,0.0220511,0,0.50683,0.0311784,0.0430215,-0.013462,0.0178201,0.0178201,-0.0130503,0.04301,0.0178201,-0.013462,-0.0430215,0.0430215,-0.013462,-0.0178201,-0.00597483,1.0265,-0.0144246,-0.0144245,1.0265,-0.00597487,-0.0144245,1.0265,0.00597478,-0.00597483,1.0265,0.0144245,0.00597483,1.0265,0.0144245,0.0144245,1.0265,0.00597478,0.0144245,1.0265,-0.00597487,0.00597483,1.0265,-0.0144246,-0.0220526,0.506521,-0.0220526,-0.031187,0.506521,-2.08524e-08,-0.0220526,0.506573,0.0220511,-0.0430215,-0.013462,0.0178201,-0.0178201,-0.0130503,0.04301,-0.0178201,-0.013462,-0.0430215,-0.0430215,-0.013462,-0.0178201,0.0110747,1.0265,-0.0110747,0.0156619,1.0265,-4.43159e-08,0.0110747,1.0265,0.0110746,-0.0110747,1.0265,0.0110746,-0.0156619,1.0265,-4.50211e-08,-0.0110747,1.0265,-0.0110747,0.0330305,-0.013462,-0.0330305,0.0467121,-0.013462,2.24082e-09,0.0330305,-0.0133591,0.0330276,0,1.0265,-0.015662,-0.0110747,1.0265,-0.0110747,-0.0156619,1.0265,-4.43159e-08,-0.0110747,1.0265,0.0110746,0,1.0265,0.0156619,0.0110747,1.0265,0.0110746,0.0156619,1.0265,-4.50211e-08,0.0110747,1.0265,-0.0110747,0,-0.013462,-0.0467121,-0.0330305,-0.013462,-0.0330305,-0.0467121,-0.013462,2.24082e-09,-0.0330305,-0.0133591,0.0330276,0,-0.0128444,0.0466949],
    "uvs":[],
    "normals":[0.978801,0.029224,0.202716,0.978801,0.029224,0.202716,0.835481,0.0292247,0.548742,0.835498,0.0292247,0.548716,0.54885,0.0292255,0.83541,0.548817,0.0292255,0.835432,0.202727,0.029225,0.978799,0.202736,0.0292249,0.978797,0.202716,0.0292239,-0.978801,0.202716,0.0292239,-0.978801,0.548775,0.0292239,-0.835459,0.548775,0.0292239,-0.835459,0.835459,0.0292239,-0.548775,0.835459,0.0292239,-0.548775,0.978801,0.029224,-0.202716,0.978801,0.029224,-0.202716,-0.978801,0.029224,0.202716,-0.835498,0.0292247,0.548716,-0.835481,0.0292247,0.548742,-0.978801,0.029224,0.202716,-0.54885,0.0292255,0.83541,-0.202736,0.029225,0.978797,-0.202727,0.0292249,0.978799,-0.548817,0.0292255,0.835432,-0.202716,0.0292239,-0.978801,-0.548775,0.0292239,-0.835459,-0.548775,0.0292239,-0.835459,-0.202716,0.0292239,-0.978801,-0.835459,0.0292239,-0.548775,-0.978801,0.029224,-0.202716,-0.978801,0.029224,-0.202716,-0.835459,0.0292239,-0.548775],
    "metadata":{
        "version":3,
        "normals":32,
        "generator":"io_three",
        "faces":32,
        "uvs":0,
        "vertices":62,
        "type":"Geometry"
    },
    "faces":[33,0,21,47,18,0,0,0,0,33,0,18,41,11,1,1,1,1,33,0,11,42,19,2,2,2,2,33,0,19,48,21,3,3,3,3,33,1,22,48,19,4,4,4,4,33,1,19,42,12,5,5,5,5,33,1,12,53,20,6,6,6,6,33,1,20,61,22,7,7,7,7,33,2,23,57,8,8,8,8,8,33,2,8,49,9,9,9,9,9,33,2,9,40,17,10,10,10,10,33,2,17,46,23,11,11,11,11,33,3,24,46,17,12,12,12,12,33,3,17,40,10,13,13,13,13,33,3,10,41,18,14,14,14,14,33,3,18,47,24,15,15,15,15,33,4,34,59,36,16,16,16,16,33,4,36,60,35,17,17,17,17,33,4,35,52,27,18,18,18,18,33,4,27,51,34,19,19,19,19,33,5,35,60,37,20,20,20,20,33,5,37,61,20,21,21,21,21,33,5,20,53,28,22,22,22,22,33,5,28,52,35,23,23,23,23,33,6,8,57,38,24,24,24,24,33,6,38,58,33,25,25,25,25,33,6,33,50,25,26,26,26,26,33,6,25,49,8,27,27,27,27,33,7,33,58,39,28,28,28,28,33,7,39,59,34,29,29,29,29,33,7,34,51,26,30,30,30,30,33,7,26,50,33,31,31,31,31]
}